sync_threshold,stability_jaccard_mean,stability_jaccard_std,density_mean,density_std,density_gap_to_prior,lcc_ratio_mean,non_isolated_ratio_mean,prior_edge_count,prior_density,score_stability,score_density_match,score_connectivity,score_non_isolated,composite_score,rank
0.6,0.9726652705548483,0.004373333061357814,0.5696764655097989,0.006684971651793762,0.028495424328757735,0.9696969696969697,0.9696969696969697,33432,0.5411810411810412,0.9726652705548483,0.9715045756712423,0.9696969696969697,0.9696969696969697,0.9709232919595409,1
0.4,1.0,0.0,1.0,0.0,0.2903231028231028,1.0,1.0,43841,0.7096768971768972,1.0,0.7096768971768972,1.0,1.0,0.8983869140119141,2
0.8,1.0,0.0,0.0,0.0,0.33296102046102044,0.0028409090909090906,0.0,20569,0.33296102046102044,1.0,0.6670389795389795,0.0028409090909090906,0.0,0.4341738701113701,3
